level_0,index,model,MAE,MSE,RMSE,r2_score
0,0.0,Linear Regression,221.60933751856078,87224.33882458333,295.3376691595289,0.18128144178489453
1,0.0,Ridge Regression,221.6131594580258,87224.42610551532,295.3378169241374,0.18128107227658047
0,,Lasso Regression,221.68659816652976,87228.41093189645,295.34456306473027,0.18117314063495454
